"","P0.025","Mean","P0.975","SD","Skew","Kurt"
"2.5%",-0.0045,-0.001308,1.803e-05,0.001189,-1.269,5.522
