"","P0.025","Mean","P0.975","SD","Skew","Kurt"
"2.5%",-0.1052,-0.04686,0.01818,0.03518,2.048,24.25
