"","P0.025","Mean","P0.975","SD","Skew","Kurt"
"2.5%",-0.01677,-0.0003021,0.01783,0.0117,-1.194,30.88
