"","P0.025","Mean","P0.975","SD","Skew","Kurt"
"2.5%",-0.2073,-0.07335,-0.03129,0.04248,-1.878,8.122
