"","P0.025","Mean","P0.975","SD","Skew","Kurt"
"2.5%",-0.0183,0.0001172,0.01919,0.01582,2.063,43.12
