"","P0.025","Mean","P0.975","SD","Skew","Kurt"
"2.5%",-0.04259,0.04606,0.1272,0.04455,-1.894,17.46
