"","P0.025","Mean","P0.975","SD","Skew","Kurt"
"2.5%",0.03256,0.08188,0.2075,0.04702,1.285,4.955
