"","P0.025","Mean","P0.975","SD","Skew","Kurt"
"2.5%",-0.03131,0.04748,0.1096,0.03415,-1.155,10.13
