"","P0.025","Mean","P0.975","SD","Skew","Kurt"
"2.5%",0.02792,0.08218,0.2078,0.04946,1.14,5
