"","xP0.025","xMean","xP0.975","xSD","xSkew","xKurt"
"P.025",-2.2131565600267,-0.768417243695121,0.245079891511042,0.558142355925304,-0.966889768096654,6.81535989070017
"Mean",-1.13687056388058,-0.0252455478043249,1.13205804042945,0.504264860906717,1.14884786198202,11.733676838449
"P.975",-0.247965103487743,0.694589007562285,2.2198257210501,0.633476571930349,2.80967569919804,19.8512089907945
"SD",0.18789759884997,0.364070641923919,0.660754196839122,0.114385567084629,3.16985733656864,24.8480705129852
"Skew",-0.766256116967881,-0.0704367395178568,0.714289779160276,0.411224745950183,0.165864632624774,2.29123682791825
"Kurt",2.44831590396476,4.06530351152436,4.96046010795071,0.68284622827145,-0.93517988019589,2.99838632544077
