"","xP0.025","xMean","xP0.975","xSD","xSkew","xKurt"
"P.025",-8.27924377872848,-2.10184275851116,1.22520080667798,2.4253187126471,-4.51343990374317,49.8406400488726
"Mean",-4.27227928597227,-0.0541531236882741,5.29637992690224,2.20681977957218,0.546218518121537,24.0678982938612
"P.975",-1.01143436572169,1.92799060161054,9.24723178886496,2.67236273654007,4.18833090152558,35.1561258948863
"SD",0.485916952892149,1.01711960899701,2.52684188868697,0.611468932166272,5.37083236969656,49.835077045554
"Skew",-0.84172131562187,-0.0743191060387386,0.827553028199643,0.456901150993411,0.212936977229908,2.30384166388531
"Kurt",2.33847567807199,4.0967938736764,5.33254953579221,0.877842046372599,-0.585084278274485,2.30771012835718
