"","xP0.025","xMean","xP0.975","xSD","xSkew","xKurt"
"P.025",-0.408146562309244,-0.11325362090058,0.0616978658354273,0.124304499884741,-2.14266130026039,16.1821946812037
"Mean",-0.214036783102757,0.00229140732011548,0.271869869223057,0.119129073910479,0.936148799876876,12.2460199079853
"P.975",-0.04915475983123,0.115224220805354,0.489075740909516,0.151960687128044,2.89433165379302,18.2074217519088
"SD",0.0250012258234198,0.0582760124043995,0.132350993606177,0.0295397500288737,3.72430567490079,26.9500743481175
"Skew",-0.842440837490372,-0.0675239370089339,0.809293062031929,0.514248427492541,0.156011844942735,1.77971668829222
"Kurt",2.41983172335267,3.82866836127626,4.91557683537244,0.740804114180468,-0.445942842769378,2.08396433548837
