"","xP0.025","xMean","xP0.975","xSD","xSkew","xKurt"
"P.025",0,0.254708026205608,0.657452474894269,0.23144582639897,0.212347647662385,1.64918209558517
"Mean",0,0.309749026169746,0.763148217043456,0.27410754225189,0.105728755343955,1.55414404146252
"P.975",0,0.368275399692505,0.878110543028202,0.319401644178751,0.0222053486965156,1.48902827247571
"SD",0,0.0287700231952446,0.0564813573663165,0.0236272915779988,-0.279961847589915,1.22215223969317
"Skew",0.0173009149829138,0.151277147573196,1.10206595842191,0.213716543812463,4.99210982801467,28.4666023614934
"Kurt",3.12293404093867,3.47898649093339,4.93304329552632,0.445834086958922,5.00399327941302,32.1211647552139
