"","xP0.025","xMean","xP0.975","xSD","xSkew","xKurt"
"P.025",1.66852637434707,8.1791914789828,18.3201258500575,4.465001604018,0.641857919761953,3.19119698884156
"Mean",1.87180908602508,9.57303718830906,22.8014386036068,5.40307582546879,0.75628496371172,3.50648696596564
"P.975",2.09171405425548,11.0045648587008,27.2523359792361,6.46058813862697,0.868472348900575,3.73581280087395
"SD",0.0949277314300828,0.706771123014408,2.34244521296854,0.60796723985708,1.55104471595154,4.98237213555034
"Skew",-0.0605440210697321,0.0579400645054025,0.191271856351285,0.0876714533333455,5.1329008208065,57.6328879043999
"Kurt",3.24837320197517,3.69948113209005,4.34072884517477,0.303958495167269,0.867065310252017,5.0249514850306
