"","xP0.025","xMean","xP0.975","xSD","xSkew","xKurt"
"P.025",0.130843630010903,0.259838161837617,0.410030719483299,0.101301621699167,0.474071074551283,2.38624028405013
"Mean",0.151306214016226,0.31032808856326,0.504150785150287,0.129116227229185,0.515977073814443,2.26827085612645
"P.975",0.173175798462559,0.365180862443666,0.610277239287059,0.163035708313893,0.674233634269735,2.7606627968291
"SD",0.010737593071903,0.0265125166727981,0.0615006720005507,0.0164899602610594,1.23623976104999,4.03552294851617
"Skew",-0.0340123057254241,0.141945074974893,1.15461168287032,0.224028932374309,4.1521245119675,20.8247521713977
"Kurt",3.24113926669537,3.70174239703896,4.96131316263621,0.475057079966244,3.15010430087486,18.2995479719614
