"","xP0.025","xMean","xP0.975","xSD","xSkew","xKurt"
"P.025",0.874530725255561,4.2360921978905,7.95612965297127,2.04629042575332,0.22202130898351,2.30465019367297
"Mean",1.02654406242505,5.24124304048975,10.3132793257719,2.7565321955689,0.390798550805468,2.22057241011715
"P.975",1.18599575533788,6.31029100891879,13.4076110477361,3.57319173551083,0.572037753831051,2.39477075475209
"SD",0.0773011194294799,0.53138429584832,1.64863693137348,0.42493041744085,1.30656376213999,3.89049593481575
"Skew",-0.0153866633116195,0.0894037117139202,0.451127276227074,0.1316877284036,5.27081443202397,33.3965080933311
"Kurt",2.86372634618487,3.02287484587563,3.20351013585516,0.131032958033334,4.25110895005094,31.8206107356623
