"","xP0.025","xMean","xP0.975","xSD","xSkew","xKurt"
"P.025",-1.840004195984,-0.596877561946545,0.217283379738469,0.512729872223023,-1.7381601695579,12.3267747796188
"Mean",-0.858528967097338,-0.00538251723549836,1.01438533181571,0.444731773186,0.679325830713561,12.7735944415812
"P.975",-0.163781384031867,0.575214957371573,1.95589964724421,0.563745264364602,2.48276846307312,17.5708440760839
"SD",0.121534745058927,0.293138540882536,0.537122532122146,0.117527229327619,2.35902516301927,18.1104816550074
"Skew",-0.80989186557995,-0.048340819187532,0.776677829652667,0.455354356296318,0.151086304438645,2.04492208290194
"Kurt",2.4332279865129,3.99351002221126,4.95608685638958,0.679980654083555,-0.808201531168711,2.84501847116957
