"","xP0.025","xMean","xP0.975","xSD","xSkew","xKurt"
"P.025",0,0.692973329502179,3.46379762177825,1.11837749900025,1.76630312888496,6.33518520020542
"Mean",0,1.02048006517725,4.96550093400917,1.59577916535638,1.64144522571808,5.76136635081162
"P.975",0,1.37232341556555,6.5375406600214,2.1273693550185,1.63992644836431,5.83872149697776
"SD",0,0.170251329984072,0.848985684021353,0.271239924736501,2.01427126653152,8.43365197271288
"Skew",0.00889738344377634,0.186511481512023,0.943678111878449,0.215706151246896,3.70556489308514,18.9198645981491
"Kurt",3.41153510627636,3.84162341072106,4.65984663917059,0.370311816766593,3.59175140752672,23.9352549100387
