"","xP0.025","xMean","xP0.975","xSD","xSkew","xKurt"
"P.025",0,0.706070997095595,1.6729882514074,0.595951942113903,-0.010210363237606,1.57898994107969
"Mean",0,0.93380789285818,2.15481405928837,0.772747142088221,-0.09971917756274,1.51562138178597
"P.975",0,1.17400475415149,2.6896232121781,0.966085128997005,-0.116765694134629,1.52550140433213
"SD",0,0.11736839673541,0.330301872619634,0.100515309977704,0.179052145310963,2.05466999221832
"Skew",0.00931153643660295,0.137834051538929,0.370815058748562,0.119070849745932,4.8701326840091,39.0744315780333
"Kurt",3.38652570392927,3.74192336300184,4.24598987006851,0.231403757014382,2.01523546003912,17.6498476086015
