"","xP0.025","xMean","xP0.975","xSD","xSkew","xKurt"
"P.025",-3.64110631956344,-1.16648333404335,0.435304061960702,1.09534703557736,-2.48691593594243,22.0987518599883
"Mean",-1.64355322812952,0.0155175510202195,1.8799530273862,1.0202466407561,2.36351120439374,28.9662028926588
"P.975",-0.349784595297384,1.18095421459364,3.83175987553562,1.43345688030691,5.25621207321937,51.855711108167
"SD",0.279081802178499,0.588160039857176,1.05087109523771,0.29570424093422,5.99467251411148,59.7496365999682
"Skew",-0.859795425136474,-0.0542429333951839,0.858458332307058,0.520628529672299,0.143444741424415,1.86813804848366
"Kurt",2.63102850000406,4.15028164167414,5.26040784673712,0.686982227547074,-0.592924767669762,2.8989582095621
