"","xP0.025","xMean","xP0.975","xSD","xSkew","xKurt"
"P.025",0.0373610447295013,0.0816274548656603,0.171738988425439,0.0397869530900771,1.01864533707467,3.60744459366412
"Mean",0.0741433516542599,0.140491953016462,0.266186805187449,0.0569131600705551,0.883652546797748,3.20611729040027
"P.975",0.11430107184086,0.20212410532586,0.364386693471118,0.0739156201698366,0.835522396498636,3.07111862109425
"SD",0.0190775610176437,0.029926210544282,0.0477617930678195,0.00854964951604825,0.643808267437744,2.59894031378039
"Skew",0.0322233597041614,0.202556802890195,0.392490974918545,0.096617785857325,0.333064716866642,3.25935583460532
"Kurt",3.39922795551395,3.75049769370103,4.21079468220597,0.214924214614561,1.03489277432449,5.93585760763892
