"","xP0.025","xMean","xP0.975","xSD","xSkew","xKurt"
"P.025",0.052469843464679,0.337820041595976,0.968957500144693,0.369268652309124,7.07303508976875,74.3542723033941
"Mean",0.0629867834174663,0.412890512581317,1.19486996133043,0.466568364390972,7.0906511494411,73.9391536094064
"P.975",0.0734861586057936,0.494042916822771,1.44851416007802,0.575606000186005,7.11578177708821,73.8174863077778
"SD",0.0046459863904199,0.0396390158707587,0.144625027952353,0.0538013178891117,6.93887602588849,69.390742719645
"Skew",-0.0473024761126935,0.135505311108492,1.33034105190187,0.256268274772006,4.12780230211287,20.0659121625901
"Kurt",3.05862471979306,3.54324164383254,5.67320035569231,0.532893650331314,3.97849840924149,21.7185870762569
