"","xP0.025","xMean","xP0.975","xSD","xSkew","xKurt"
"P.025",0,4.01417985486632,14.3751579820154,4.06469161554581,0.88436450717804,3.21379508428732
"Mean",0,5.53158273063531,18.3140652034561,5.45459999410155,0.694165135250945,2.62591729278287
"P.975",0,7.13239397789315,22.5291472233727,6.98611865407483,0.6114796243118,2.32749543540954
"SD",0,0.780712156010909,2.41927012822208,0.800739146285379,0.681520653224759,2.13671543653623
"Skew",0.00920572374277137,0.136832096300304,0.375231557602812,0.130035980413669,5.39781932956299,46.7890760805185
"Kurt",3.43275420089797,3.80078826241321,4.30323301768557,0.293987296443156,7.36310266916954,119.83088149559
