"","xP0.025","xMean","xP0.975","xSD","xSkew","xKurt"
"P.025",0.459039641226357,0.91319479944027,1.58974573552961,0.351404272170099,3.91510945075467,56.1198300646964
"Mean",0.567725757325389,1.25476081006154,2.14921893691237,0.514406197205694,2.74426820039778,35.8710371925774
"P.975",0.678113182029582,1.72322273958905,2.96160792859287,0.780393379053442,2.61483016716332,35.6266386211766
"SD",0.0547334051738829,0.208202037465146,0.405887367554076,0.119343148860624,1.60163936034921,19.8130912539798
"Skew",-0.0232712999148449,0.538800374179976,1.60721867756336,0.593735352885219,0.745220519537827,1.8518234364692
"Kurt",3.44578301480775,4.48348611567206,7.2777515100392,1.16121076281579,1.40964721821805,4.14235925708202
