"","xP0.025","xMean","xP0.975","xSD","xSkew","xKurt"
"P.025",0,2.27929548693838,9.95497948595928,3.43575594194367,1.12760040720012,2.6813278111617
"Mean",0,2.83914490859687,12.1487909889883,4.23483828851086,1.09482827120172,2.61016669619777
"P.975",0,3.43231343606772,14.4680065084265,5.09211131224194,1.07260500910256,2.5512815120684
"SD",0,0.290560090858193,1.24450533012221,0.434614292528819,1.13283189628857,2.82209861103093
"Skew",0.0163828398743117,0.144268432237737,0.355171235023526,0.136911288745054,6.47259053103569,59.2518448626388
"Kurt",3.30574040900822,3.631756875393,4.14959700524272,0.283605891012636,5.28525224729769,49.792905778304
