"","xP0.025","xMean","xP0.975","xSD","xSkew","xKurt"
"P.025",-0.1148,-0.02576,0.04099,0.03556,-1.095,6.523
"Mean",-0.07302,-0.0007718,0.0961,0.03566,0.768,6.849
"P.975",-0.03255,0.0238,0.1514,0.04095,2.209,10.48
"SD",0.006085,0.0127,0.0331,0.006303,2.579,11.67
"Skew",-0.5,-0.03994,0.467,0.2701,0.1229,2.112
"Kurt",2.489,3.257,3.836,0.3671,-0.4315,2.456
