"","xP0.025","xMean","xP0.975","xSD","xSkew","xKurt"
"P.025",-0.1073,0.008167,0.08224,0.04529,-1.062,5.502
"Mean",-0.03996,0.05431,0.1447,0.04436,-0.1874,4.925
"P.975",0.0238,0.1008,0.2137,0.05023,0.5968,4.442
"SD",0.01231,0.02358,0.04332,0.009128,0.7794,2.812
"Skew",-0.2702,0.01258,0.271,0.1226,0.08353,4.758
"Kurt",2.718,3.198,3.561,0.1898,-0.2577,5.905
