"","xP0.025","xMean","xP0.975","xSD","xSkew","xKurt"
"P.025",-0.09771,0.0102,0.1194,0.05072,0.09039,4.475
"Mean",-0.03803,0.0504,0.1932,0.05103,0.8392,4.923
"P.975",0.009578,0.0905,0.2569,0.0568,1.313,5.499
"SD",0.01082,0.02057,0.047,0.009072,1.675,6.191
"Skew",-0.3646,0.0004165,0.3732,0.1836,0.05594,2.976
"Kurt",2.588,3.118,3.637,0.2577,0.07468,3.274
