"","d025","dmn","d975","s025","smn","s975","DiffofMean"
"$ET_{Ref}$&",1.103e-06,5.71e-06,1.169e-05,1.047e-06,5.71e-06,1.169e-05,0
"$K_{w}$&",0.0009564,0.001002,0.001056,0.0009561,0.001002,0.001056,0
"Evap. $(E)$&",1.164e-06,5.701e-06,1.142e-05,1.091e-06,5.701e-06,1.146e-05,0
"Precip. $(P)$&",0,8.32e-07,7.963e-06,0,8.32e-07,8.029e-06,0
