"","Min","P_2.5","Mean","P_97.5","Max","SD","Skew","Kurt"
"Determ",0.03964,0.0538,0.4575,1.189,2.492,0.3177,1.029,4.962
"Stoch",0.03965,0.05376,0.4575,1.189,2.491,0.3176,1.029,4.96
