"","Min","P_2.5","Mean","P_97.5","Max","SD","Skew","Kurt"
"Diff",-0.001558,-0.0008712,-5.199e-07,0.0008665,0.001544,0.0003966,0.08424,4.986
"PctDiff",-0.2396,-0.1348,-0.0003492,0.1325,0.2243,0.0723,0.01011,2.931
