"","Min","P_2.5","Mean","P_97.5","Max","SD","Skew","Kurt"
"Diff",-0.005852,-0.002451,4.033e-05,0.002418,0.006545,0.00116,0.09683,6.005
"PctDiff",-0.195,-0.1026,0.002328,0.1072,0.183,0.05433,0.01591,3.148
