"","Min","P_2.5","Mean","P_97.5","Max","SD","Skew","Kurt"
"Diff",-0.03988,-0.01117,-2.077e-05,0.01037,0.05131,0.005476,0.3711,17.56
"PctDiff",-0.1589,-0.09897,0.0006828,0.1077,0.1729,0.0533,0.07998,2.928
