"","Min","P_2.5","Mean","P_97.5","Max","SD","Skew","Kurt"
"Diff",-0.001635,-0.0007921,1.192e-05,0.0008078,0.001965,0.0003975,0.1946,4.374
"PctDiff",-0.1494,-0.07339,0.0007249,0.07347,0.1439,0.03717,0.06901,3.424
