"","Min","P_2.5","Mean","P_97.5","Max","SD","Skew","Kurt"
"Diff",-0.02403,-0.01241,8.234e-05,0.01373,0.02454,0.005774,0.147,4.981
"PctDiff",-0.1275,-0.07338,9.932e-05,0.07202,0.1185,0.03682,-0.002346,3.039
