"","Min","P_2.5","Mean","P_97.5","Max","SD","Skew","Kurt"
"Diff",-0.02688,-0.007352,9.553e-05,0.008105,0.02495,0.003444,0.3041,15.85
"PctDiff",-0.206,-0.1267,0.003008,0.1382,0.1999,0.0698,0.004047,2.837
