"","Min","P_2.5","Mean","P_97.5","Max","SD","Skew","Kurt"
"Diff",-0.0008948,-0.0005878,0.0007846,0.009722,0.01647,0.002642,3.885,18.48
"PctDiff",-0.3332,-0.1534,0.4753,5.907,10.8,1.647,4.163,20.93
