"","Min","P_2.5","Mean","P_97.5","Max","SD","Skew","Kurt"
"Diff",-0.0008946,-0.0005564,8.115e-07,0.0005886,0.001706,0.0002973,0.2011,3.437
"PctDiff",-0.2822,-0.1301,0.001888,0.1462,0.9026,0.07179,1.744,21.68
