"","Min","P_2.5","Mean","P_97.5","Max","SD","Skew","Kurt"
"Diff",-0.002757,-0.001423,1.341e-05,0.001433,0.00316,0.000704,-0.03178,3.737
"PctDiff",-0.1497,-0.06815,0.0006164,0.06786,0.1113,0.03555,-0.05949,2.958
