"","Min","P_2.5","Mean","P_97.5","Max","SD","Skew","Kurt"
"Diff",-0.0007902,-0.000515,0.0006853,0.01085,0.01655,0.002565,4.427,23.01
"PctDiff",-0.3436,-0.1609,0.4109,6.719,10.86,1.617,4.692,25.51
