"","Min","P_2.5","Mean","P_97.5","Max","SD","Skew","Kurt"
"Diff",-0.002395,-0.0005437,2.632e-06,0.0006518,0.002034,0.0002822,0.1066,14.18
"PctDiff",-0.2678,-0.149,-0.002091,0.1426,0.2426,0.07292,-0.02622,3.168
