"","Min","P_2.5","Mean","P_97.5","Max","SD","Skew","Kurt"
"Diff",-0.04524,-0.02256,-2.786e-05,0.0193,0.05191,0.008883,-0.2741,8.617
"PctDiff",-0.236,-0.1519,0.001079,0.1443,0.2872,0.07392,0.01989,3.302
