"","Min","P_2.5","Mean","P_97.5","Max","SD","Skew","Kurt"
"Diff",-0.01639,-0.005525,1.706e-05,0.005122,0.02953,0.002663,2.023,27.29
"PctDiff",-0.1892,-0.1489,-0.001228,0.1501,0.2435,0.07497,0.07786,3.069
