"","Min","P_2.5","Mean","P_97.5","Max","SD","Skew","Kurt"
"Diff",-0.001369,-0.0006225,-8.44e-07,0.0006711,0.002238,0.0002967,0.3586,7.999
"PctDiff",-0.2127,-0.1006,0.0009033,0.1061,0.1978,0.05411,0.0262,3.169
