"","Min","P_2.5","Mean","P_97.5","Max","SD","Skew","Kurt"
"Diff",-1.294e-06,-1.149e-07,1.345e-10,1.351e-07,1.618e-06,1.052e-07,0.4858,95.32
"PctDiff",-0.00998,-0.006868,-6.594e-06,0.007581,0.01177,0.003792,0.1476,2.66
