"","Min","P_2.5","Mean","P_97.5","Max","SD","Skew","Kurt"
"Diff",-0.005512,-0.003299,0.001538,0.01684,0.1003,0.009685,7.146,59.52
"PctDiff",-0.8551,-0.1169,6.561,8.726,2508,91.93,20.69,486.5
