"","Min","P_2.5","Mean","P_97.5","Max","SD","Skew","Kurt"
"Diff",-0.0001863,-9.416e-05,-1.103e-06,9.138e-05,0.0001656,4.547e-05,-0.1339,4.005
"PctDiff",-0.165,-0.1031,-0.0014,0.101,0.149,0.05291,-0.01277,2.832
