"","Min","P_2.5","Mean","P_97.5","Max","SD","Skew","Kurt"
"Diff",-0.0009297,-0.0005427,2.133e-05,0.0005891,0.006687,0.0004595,6.614,78.02
"PctDiff",-0.2676,-0.1294,0.01549,0.1369,3.918,0.216,12.12,175
