"","Min","P_2.5","Mean","P_97.5","Max","SD","Skew","Kurt"
"Diff",-0.05329,-0.01521,0.0002727,0.01716,0.05317,0.007458,-0.03859,15.07
"PctDiff",-0.1243,-0.06947,0.000991,0.07191,0.1345,0.03565,0.09603,3.169
