"","Min","P_2.5","Mean","P_97.5","Max","SD","Skew","Kurt"
"Diff",-0.005613,-0.002551,-4.686e-05,0.002473,0.007276,0.001155,0.2816,7.811
"PctDiff",-0.2172,-0.1458,-0.004011,0.1308,0.2772,0.07033,0.01476,3.16
