"","Min","P_2.5","Mean","P_97.5","Max","SD","Skew","Kurt"
"Diff",-0.003493,-0.001791,2.525e-06,0.001742,0.002979,0.0008062,-0.2039,5.146
"PctDiff",-0.2166,-0.1322,0.001569,0.1356,0.2036,0.07031,-0.1105,2.998
