"","xP0.025","xMean","xP0.975","xSD","xSkew","xKurt"
"P.025",-0.02809,-0.008318,0.006346,0.01265,-3.442,41.3
"Mean",-0.01599,7.52e-05,0.01799,0.01257,2.092,41.2
"P.975",-0.005777,0.008423,0.03295,0.01465,6.017,60.23
"SD",0.002892,0.004215,0.008427,0.002351,5.928,47.94
"Skew",-0.4594,-0.01586,0.4591,0.1972,0.2819,4.634
"Kurt",3.267,3.537,3.902,0.1691,1.046,6.548
