"","xP0.025","xMean","xP0.975","xSD","xSkew","xKurt"
"P.025",-0.04237,0.01881,0.05354,0.02386,-1.859,10.92
"Mean",-0.01992,0.02911,0.06512,0.0207,-1.072,9.461
"P.975",0.005073,0.03937,0.07825,0.01916,0.04433,8.547
"SD",0.00319,0.00521,0.01221,0.003313,2.965,15.06
"Skew",-0.288,-0.008185,0.3447,0.1416,0.6672,6.03
"Kurt",2.965,3.345,3.716,0.1879,0.145,4.369
