"","xP0.025","xMean","xP0.975","xSD","xSkew","xKurt"
"P.025",-0.09934,0.005138,0.1146,0.05073,0.05404,4.5
"Mean",-0.04306,0.04547,0.1885,0.0507,0.8074,4.946
"P.975",0.004767,0.08533,0.2478,0.05615,1.305,5.525
"SD",0.01076,0.02055,0.04724,0.009005,1.647,6.044
"Skew",-0.3857,-0.02508,0.3561,0.1833,0.1115,3.044
"Kurt",2.588,3.119,3.646,0.2579,0.09658,3.333
