"","xP0.025","xMean","xP0.975","xSD","xSkew","xKurt"
"P.025",0,0.616673515932233,1.36845328464674,0.486755847793822,-0.116177128002384,1.50437452336005
"Mean",0,0.921245589029193,1.94707457013175,0.714125583556301,-0.220815297529041,1.44993690218128
"P.975",0,1.24006754331782,2.54971107075788,0.956627926618814,-0.258246661891305,1.42247035665698
"SD",0,0.155404559978391,0.30269524613968,0.12085799944727,-0.236368919436576,1.45627740799708
"Skew",-0.0130140142877432,0.122444733749308,0.346701249194104,0.0867591623272217,1.54898629462059,9.75972639395065
"Kurt",3.55219057882608,3.89342060585946,4.30975273630252,0.193738145573555,0.526818145657951,4.33197694283427
