"","xP0.025","xMean","xP0.975","xSD","xSkew","xKurt"
"P.025",0,0.200476152770662,1.74009545419126,0.561230804395755,5.32623582909019,38.8053881938687
"Mean",0,0.286834606599469,2.46285128033289,0.739022949425922,4.83075733381283,33.162277693797
"P.975",0,0.379452632371833,3.35580197186964,0.933210726171034,4.54670178352372,30.0529575313382
"SD",0,0.0454799440689064,0.35377889359259,0.0997549878359401,3.60540473799928,19.6421407144733
"Skew",-0.0358442668590463,0.183694135476691,1.5426836440376,0.350466618341013,3.19721218937125,12.3487302761539
"Kurt",3.04589870100466,3.83709082534391,6.50364947224111,0.7652965943963,3.36435192927294,17.56906128968
