"","xP0.025","xMean","xP0.975","xSD","xSkew","xKurt"
"P.025",0,0.182616112515193,0.612012965929903,0.22280089410113,0.562005437311942,1.6447134684892
"Mean",0,0.361585714844383,1.15106048972337,0.438001381469913,0.5060915605296,1.47968992733235
"P.975",0,0.550671747600264,1.70890620150613,0.667663730743927,0.505228487550021,1.46167676970455
"SD",0,0.0911375135158539,0.280012538879252,0.111250343192244,0.536260637253447,1.51183228913571
"Skew",0.0642743211433763,0.207611103491049,0.408419443555254,0.0913034757065532,0.620531122476855,2.96700742865288
"Kurt",3.46731293892704,3.817473784472,4.26352553834226,0.218711671132871,1.07203644357648,6.60370039872941
