"","xP0.025","xMean","xP0.975","xSD","xSkew","xKurt"
"P.025",0.0979531483529212,0.623116787108596,3.71684468243798,0.943149577739312,2.73231824382567,9.15069034537334
"Mean",0.197996620193552,1.19083703569466,7.35225668243207,1.90301174242546,2.70221587279261,8.8140982247545
"P.975",0.293000244775327,2.04124973759263,14.3859302566451,3.74508465441536,2.82091310914846,9.36722944816953
"SD",0.0459690280553845,0.369013682528614,2.85987755178164,0.752732947403912,2.86555845894484,9.53249989392194
"Skew",-0.00387891536548203,0.235494090719968,1.29863048178013,0.319750901175845,2.66158809386781,9.23490315267739
"Kurt",3.49377599945922,3.97940088543107,5.70299972956985,0.519616203720075,3.30849378006967,17.138347120863
