"","xP0.025","xMean","xP0.975","xSD","xSkew","xKurt"
"P.025",0.142265458634847,0.255467830525848,0.381813636470933,0.368862113243802,36.2776527377561,1360.54318805019
"Mean",0.302385577713402,0.544476156663556,0.879135903407273,0.542440887900377,33.1773415098926,1205.19042031562
"P.975",0.434388752364879,0.865216560700643,1.49650010321276,0.74826996645253,29.9924325235624,1050.79573234811
"SD",0.0657332953970711,0.157293712798875,0.289768759962153,0.104105367224739,20.1027880244823,606.960774261844
"Skew",0.00149154104414476,0.177481140276143,0.831606547880607,0.191830682858717,2.4951752001536,10.0307445403182
"Kurt",2.70829950055292,2.93281604090426,3.5363502597849,0.193997812998915,3.43811967518219,19.7293711539524
