"","xP0.025","xMean","xP0.975","xSD","xSkew","xKurt"
"P.025",-1.2546474887417,-0.613164467337935,0.0606209186934863,0.398738086857436,-3.13042772116855,50.2509296684811
"Mean",-0.518216911747197,-0.00729396462087756,0.609234406001477,0.386524033651074,2.33198779553374,49.0921678762993
"P.975",-0.00124247430405667,0.592971948580665,1.33422441872183,0.460029356115383,6.02882674190152,68.9828411930593
"SD",0.23761575060293,0.301293724178485,0.373191390988847,0.0669864218438601,6.48144793189916,67.1677806285743
"Skew",-0.525916356705259,-0.0242356863010593,0.510789369967937,0.21716921157285,0.161051233144486,4.59507128700926
"Kurt",3.49593001905812,3.78993928517721,4.1819639494801,0.175291101983793,0.692206789089583,4.32576950528741
