"","xP0.025","xMean","xP0.975","xSD","xSkew","xKurt"
"P.025",-0.007263,-0.002607,-0.0001064,0.001932,-0.9603,3.794
"Mean",-0.005203,-0.00178,2.6e-05,0.001424,-0.6865,5.388
"P.975",-0.003229,-0.001057,0.0001822,0.0009785,1.386,26.64
"SD",8.404e-05,0.0003935,0.001048,0.000264,1.088,3.817
"Skew",-0.6215,-0.377,0.1242,0.2117,2.085,8.921
"Kurt",3.273,3.669,4.2,0.2309,0.6071,4.161
