"","xP0.025","xMean","xP0.975","xSD","xSkew","xKurt"
"P.025",-0.1137,-0.05361,-0.01264,0.03355,1.253,23.19
"Mean",-0.1052,-0.0469,0.0177,0.03512,2.055,24.42
"P.975",-0.09804,-0.0402,0.0468,0.03794,2.634,23.64
"SD",0.001508,0.003425,0.01592,0.00357,2.924,10.16
"Skew",-0.06851,0.001005,0.07091,0.03493,0.03647,3.075
"Kurt",2.87,2.998,3.14,0.06912,0.1482,3.014
