"","xP0.025","xMean","xP0.975","xSD","xSkew","xKurt"
"P.025",-0.03896,-0.01292,0.009742,0.01665,-4.05,40.19
"Mean",-0.02266,-0.0003461,0.0237,0.01526,-0.6183,28.27
"P.975",-0.008434,0.01212,0.04151,0.01609,2.78,26.53
"SD",0.004701,0.006307,0.0123,0.002364,5.667,44.48
"Skew",-0.4325,-0.01976,0.442,0.1933,0.1901,3.99
"Kurt",3.245,3.517,3.863,0.1565,0.6796,4.02
