"","xP0.025","xMean","xP0.975","xSD","xSkew","xKurt"
"P.025",-0.3708,-0.1188,-0.05629,0.07524,-2.405,8.215
"Mean",-0.184,-0.07122,-0.03034,0.03722,-1.498,7.971
"P.975",-0.05561,-0.02413,0.03811,0.02626,3.723,31.52
"SD",0.01088,0.02363,0.09403,0.02103,2.59,8.468
"Skew",-0.2542,-0.0907,0.05231,0.1042,4.21,38.88
"Kurt",3.362,3.73,4.217,0.2203,0.9036,5.661
