"","xP0.025","xMean","xP0.975","xSD","xSkew","xKurt"
"P.025",-0.04455,-0.01319,0.01006,0.02007,-3.442,41.3
"Mean",-0.02536,0.0001193,0.02853,0.01994,2.092,41.2
"P.975",-0.009163,0.01336,0.05227,0.02324,6.017,60.23
"SD",0.004587,0.006685,0.01337,0.00373,5.928,47.94
"Skew",-0.4594,-0.01586,0.4591,0.1972,0.2819,4.634
"Kurt",3.267,3.537,3.902,0.1691,1.046,6.548
