"","xP0.025","xMean","xP0.975","xSD","xSkew","xKurt"
"P.025",-0.06278,0.03168,0.08701,0.03742,-1.827,11.05
"Mean",-0.02687,0.04795,0.1049,0.03249,-0.9983,9.397
"P.975",0.01244,0.0644,0.1254,0.03021,0.1196,8.328
"SD",0.005077,0.008287,0.01952,0.00528,2.986,15.25
"Skew",-0.2674,0.03055,0.3646,0.1412,0.3924,5.611
"Kurt",2.971,3.343,3.714,0.1875,0.1428,4.247
