"","Min","P_2.5","Mean","P_97.5","Max","SD","Skew","Kurt"
"Determ",0,0.1,12.85,25.3,26.55,8.042,0.03098,1.636
"Stoch",0.1621,0.2079,12.85,25.3,26.55,8.036,0.03329,1.633
