"","Min","P_2.5","Mean","P_97.5","Max","SD","Skew","Kurt"
"Diff",-0.0023,-0.0004351,6.965e-06,0.0004896,0.001572,0.0002227,-0.2148,26.55
"PctDiff",-0.1823,-0.1065,0.001451,0.1026,0.1832,0.05395,-0.06378,2.943
