"","Min","P_2.5","Mean","P_97.5","Max","SD","Skew","Kurt"
"Diff",-0.001586,-0.0006014,1.261e-05,0.0006422,0.002759,0.0003197,1.1,12.18
"PctDiff",-0.2281,-0.1481,0.001204,0.1478,0.2585,0.07626,0.01953,2.939
