"","Min","P_2.5","Mean","P_97.5","Max","SD","Skew","Kurt"
"Diff",-0.004926,-0.002658,-3.019e-06,0.002913,0.004696,0.001394,0.09435,3.253
"PctDiff",-0.1132,-0.06558,0.0001265,0.07602,0.1121,0.03611,0.1256,2.952
