"","Min","P_2.5","Mean","P_97.5","Max","SD","Skew","Kurt"
"Diff",-0.01204,-0.0007162,-0.000109,0.0005531,0.0008228,0.0009354,-8.591,89.07
"PctDiff",-0.7935,-0.1072,-0.007375,0.07591,0.1279,0.07093,-5.636,51.66
