"","Min","P_2.5","Mean","P_97.5","Max","SD","Skew","Kurt"
"Diff",-0.02173,-0.00538,-2.546e-05,0.004382,0.02,0.002672,-0.2715,29.83
"PctDiff",-0.1854,-0.106,0.0007487,0.1103,0.188,0.05477,0.04981,3.122
