"","Min","P_2.5","Mean","P_97.5","Max","SD","Skew","Kurt"
"Diff",-0.001866,-0.0008554,-3.696e-06,0.0008373,0.002279,0.0003587,-0.103,8.49
"PctDiff",-0.2001,-0.1412,-0.002077,0.1332,0.2367,0.07117,-0.02878,2.776
