"","Min","P_2.5","Mean","P_97.5","Max","SD","Skew","Kurt"
"Diff",-1.758e-06,-1.494e-07,-1.454e-09,1.125e-07,1.988e-06,1.221e-07,-0.4834,120.2
"PctDiff",-0.0126,-0.007168,-5.514e-05,0.006315,0.009974,0.003542,-0.08689,2.962
