"","Min","P_2.5","Mean","P_97.5","Max","SD","Skew","Kurt"
"Diff",-0.01913,-0.00564,1.047e-05,0.005635,0.01886,0.002957,0.1506,12.57
"PctDiff",-0.1592,-0.1079,-0.0001314,0.1058,0.1946,0.05439,0.02403,2.892
