"","Min","P_2.5","Mean","P_97.5","Max","SD","Skew","Kurt"
"Diff",-0.004825,-0.002984,-9.571e-05,0.002703,0.004734,0.001435,-0.009923,3.013
"PctDiff",-0.2447,-0.1502,-0.005393,0.1315,0.2175,0.07327,-0.04767,2.812
