"","Min","P_2.5","Mean","P_97.5","Max","SD","Skew","Kurt"
"Diff",-0.005738,-0.00354,1.021e-05,0.003742,0.006562,0.001815,0.01418,3.079
"PctDiff",-0.4695,-0.08522,-0.001222,0.07528,0.4614,0.04115,-1.264,40.41
