"","Min","P_2.5","Mean","P_97.5","Max","SD","Skew","Kurt"
"Diff",-0.006347,-0.002133,0.002684,0.002095,3.922,0.1026,38.18,1459
"PctDiff",-100,-0.1391,-0.0819,0.1434,0.2193,2.879,-34.67,1203
