"","Min","P_2.5","Mean","P_97.5","Max","SD","Skew","Kurt"
"Diff",-0.0007335,-0.0004571,0.002827,0.01435,0.01596,0.004273,1.439,3.894
"PctDiff",-0.3331,-0.1607,1.709,9.235,10.47,2.672,1.576,4.394
