"","xP0.025","xMean","xP0.975","xSD","xSkew","xKurt"
"P.025",-0.1034,0.03019,0.1646,0.06507,0.04047,6.563
"Mean",-0.08093,0.04974,0.1989,0.066,0.4899,6.913
"P.975",-0.05901,0.06931,0.2387,0.06879,0.8598,7.104
"SD",0.002763,0.009994,0.02267,0.005819,0.7565,2.529
"Skew",-0.07289,-0.0005757,0.06357,0.03495,-0.1367,3.141
"Kurt",2.869,2.998,3.146,0.06859,0.1521,2.962
