"","xP0.025","xMean","xP0.975","xSD","xSkew","xKurt"
"P.025",-0.004648,-0.001651,-6.981e-05,0.001229,-0.9742,3.812
"Mean",-0.003281,-0.001119,1.573e-05,0.0008959,-0.6919,5.384
"P.975",-0.00202,-0.000664,0.0001108,0.0006171,1.407,27.04
"SD",5.209e-05,0.0002507,0.0006769,0.0001702,1.117,3.886
"Skew",-0.6062,-0.3802,0.1222,0.1783,3.041,16.42
"Kurt",3.244,3.448,3.797,0.1385,1.103,5.338
