"","xP0.025","xMean","xP0.975","xSD","xSkew","xKurt"
"P.025",-0.0437,0.02483,0.07376,0.03016,-2.15,16.37
"Mean",-0.0234,0.03022,0.08128,0.02803,-1.756,17.2
"P.975",-0.007824,0.0356,0.08683,0.02682,-1.172,16.56
"SD",0.0009777,0.002754,0.01011,0.002748,1.995,5.365
"Skew",-0.06432,0.001572,0.07504,0.03516,0.1036,3.026
"Kurt",2.867,2.998,3.143,0.06961,0.08921,3.133
