"","P0.025","Mean","P0.975","SD","Skew","Kurt"
"2.5%",-0.01557,-0.007766,0.0006348,0.004653,0.8437,7.35
