"","P0.025","Mean","P0.975","SD","Skew","Kurt"
"2.5%",-0.1736,-0.03952,0.07513,0.05505,-0.643,9.955
