"","P0.025","Mean","P0.975","SD","Skew","Kurt"
"2.5%",-0.1199,-0.001312,0.1604,0.05922,0.7648,6.776
