"","P0.025","Mean","P0.975","SD","Skew","Kurt"
"2.5%",-0.1236,-0.04412,0.04339,0.04112,0.4237,5.468
