"","P0.025","Mean","P0.975","SD","Skew","Kurt"
"2.5%",-0.187,-0.0005338,0.2239,0.08699,0.5117,6.173
