"","P0.025","Mean","P0.975","SD","Skew","Kurt"
"2.5%",-0.06919,0.05558,0.1893,0.06052,0.1139,5.357
